OBJECT_ID,CENTROID // MEAN_X_(PX),CENTROID // MEAN_Y_(PX),TIMEPOINT,INTENSITY // RawImage_MEAN,SHAPE // AREA_(PX^2)
1,24,499,0,34061.72464,69
2,44,581,0,33106.98446,193
3,51.20972644,516.325228,0,33761.68693,329
4,25,495,1,34052.37681,69
5,44,581,1,33118.20725,193
6,55.96042216,513.0079156,1,33789.781,379
7,76.59299191,461.2237197,1,33896.51752,371
